code,category,name,note,context,file
"SZ-01","Shot size","Extreme wide","Subject tiny, the place is the star. Strong opener.","any","Giniroisenkou_Shootbook_SZ-01_Extreme-wide.png"
"SZ-02","Shot size","Wide","Whole body with plenty of setting around it.","any","Giniroisenkou_Shootbook_SZ-02_Wide.png"
"SZ-03","Shot size","Full shot","Head to toe with a little air. Shows the whole move.","any","Giniroisenkou_Shootbook_SZ-03_Full-shot.png"
"SZ-04","Shot size","Medium wide","Knees up. Body language plus some setting.","any","Giniroisenkou_Shootbook_SZ-04_Medium-wide.png"
"SZ-05","Shot size","Medium","Waist up. Talking, gestures, reactions.","any","Giniroisenkou_Shootbook_SZ-05_Medium.png"
"SZ-06","Shot size","Medium close-up","Chest up. Emotion with a hint of outfit.","any","Giniroisenkou_Shootbook_SZ-06_Medium-close-up.png"
"SZ-07","Shot size","Close-up","Face fills the frame. The feeling of the moment.","any","Giniroisenkou_Shootbook_SZ-07_Close-up.png"
"SZ-08","Shot size","Extreme close-up","Eyes and brow only. Focus, tension, intimacy.","any","Giniroisenkou_Shootbook_SZ-08_Extreme-close-up.png"
"SZ-09","Shot size","Insert: hands","Hands holding, tying, grabbing. Small action, big clarity.","any","Giniroisenkou_Shootbook_SZ-09_Insert-hands.png"
"SZ-10","Shot size","Insert: feet","Shoes and ground. Steps, stance, arrival.","any","Giniroisenkou_Shootbook_SZ-10_Insert-feet.png"
"SZ-11","Shot size","Detail","A prop or texture that tells the story.","any","Giniroisenkou_Shootbook_SZ-11_Detail.png"
"SZ-12","Shot size","Establishing","Where are we? Town, venue or trailhead from afar.","any","Giniroisenkou_Shootbook_SZ-12_Establishing.png"
"AN-01","Camera angle","Eye level","Lens at eye height. Neutral and honest.","any","Giniroisenkou_Shootbook_AN-01_Eye-level.png"
"AN-02","Camera angle","Low angle","Camera below, looking up. Subject feels big.","any","Giniroisenkou_Shootbook_AN-02_Low-angle.png"
"AN-03","Camera angle","Worm's eye","Camera on the ground. Towering and dramatic.","any","Giniroisenkou_Shootbook_AN-03_Worm-s-eye.png"
"AN-04","Camera angle","High angle","Camera above, looking down. Subject feels small.","any","Giniroisenkou_Shootbook_AN-04_High-angle.png"
"AN-05","Camera angle","Top-down","Straight down. Shapes, patterns, floor work.","dance / events / swing","Giniroisenkou_Shootbook_AN-05_Top-down.png"
"AN-06","Camera angle","Dutch angle","Tilted horizon. Energy, fun, unease.","dance / events / swing","Giniroisenkou_Shootbook_AN-06_Dutch-angle.png"
"AN-07","Camera angle","Above the crowd","Phone held high over heads. Size of the crowd.","events / swing","Giniroisenkou_Shootbook_AN-07_Above-the-crowd.png"
"AN-08","Camera angle","Ground level","Lens just above the floor. Ground leads the eye in.","any","Giniroisenkou_Shootbook_AN-08_Ground-level.png"
"AN-09","Camera angle","Drone high","High and far. Route, shape of the land, scale.","hiking / events / swing","Giniroisenkou_Shootbook_AN-09_Drone-high.png"
"AN-10","Camera angle","Profile","Side-on. Clean shape of walks, jumps and kicks.","any","Giniroisenkou_Shootbook_AN-10_Profile.png"
"CP-01","Composition","Rule of thirds","Subject on a third line, horizon on another.","any","Giniroisenkou_Shootbook_CP-01_Rule-of-thirds.png"
"CP-02","Composition","Symmetry","Dead center, both sides match. Bold and calm.","any","Giniroisenkou_Shootbook_CP-02_Symmetry.png"
"CP-03","Composition","Frame in frame","Arch, doorway or branches around the subject.","any","Giniroisenkou_Shootbook_CP-03_Frame-in-frame.png"
"CP-04","Composition","Leading lines","Paths, rails and stairs pointing to the subject.","any","Giniroisenkou_Shootbook_CP-04_Leading-lines.png"
"CP-05","Composition","Negative space","Lots of empty sky or wall. Mood, room for text.","any","Giniroisenkou_Shootbook_CP-05_Negative-space.png"
"CP-06","Composition","Silhouette","Subject dark against a bright sky or light.","any","Giniroisenkou_Shootbook_CP-06_Silhouette.png"
"CP-07","Composition","Reflection","Puddle, lake, window or mirror doubles the subject.","dance / hiking","Giniroisenkou_Shootbook_CP-07_Reflection.png"
"CP-08","Composition","Foreground frame","Leaves, grass or a railing close to the lens.","any","Giniroisenkou_Shootbook_CP-08_Foreground-frame.png"
"CP-09","Composition","Depth layers","Foreground, subject, background. Three planes.","any","Giniroisenkou_Shootbook_CP-09_Depth-layers.png"
"CP-10","Composition","Lead room","Leave space where the subject moves or looks.","any","Giniroisenkou_Shootbook_CP-10_Lead-room.png"
"CP-11","Composition","Tight crop","Cut the top of the head, never the chin.","any","Giniroisenkou_Shootbook_CP-11_Tight-crop.png"
"CP-12","Composition","Shadow play","Film the shadow on a wall, not the dancer.","dance","Giniroisenkou_Shootbook_CP-12_Shadow-play.png"
"CP-13","Composition","Split frame","Two halves: two places, people, or times.","any","Giniroisenkou_Shootbook_CP-13_Split-frame.png"
"SB-01","People in frame","Two-shot","Two people in one frame. Duet, chat, friendship.","any","Giniroisenkou_Shootbook_SB-01_Two-shot.png"
"SB-02","People in frame","Group","Everyone in frame. Crew, class, team.","any","Giniroisenkou_Shootbook_SB-02_Group.png"
"SB-03","People in frame","Over the shoulder","From behind one person onto the other.","any","Giniroisenkou_Shootbook_SB-03_Over-the-shoulder.png"
"SB-04","People in frame","POV","What the subject sees. Hands in frame sell it.","any","Giniroisenkou_Shootbook_SB-04_POV.png"
"SB-05","People in frame","Reaction","Cut to a face reacting. Surprise, awe, a laugh.","any","Giniroisenkou_Shootbook_SB-05_Reaction.png"
"SB-06","People in frame","Crowd","Heads fill the frame. Scale and buzz.","events / swing","Giniroisenkou_Shootbook_SB-06_Crowd.png"
"SB-07","People in frame","Audience from stage","From behind the performer onto the crowd.","dance / events / swing","Giniroisenkou_Shootbook_SB-07_Audience-from-stage.png"
"SB-08","People in frame","Stage from audience","Backs of heads, stage beyond. You are there.","dance / events / swing","Giniroisenkou_Shootbook_SB-08_Stage-from-audience.png"
"SB-09","People in frame","Mirrored partners","Two dancers mirror each other across the center.","dance","Giniroisenkou_Shootbook_SB-09_Mirrored-partners.png"
"SB-10","People in frame","Selfie / vlog","Arm toward the lens. Check-ins and talking.","any","Giniroisenkou_Shootbook_SB-10_Selfie-vlog.png"
"SB-11","People in frame","Walk and talk","Two side by side, camera walking backward.","any","Giniroisenkou_Shootbook_SB-11_Walk-and-talk.png"
"SB-12","People in frame","Hero in the crowd","One person clear, everyone else is texture.","events / swing","Giniroisenkou_Shootbook_SB-12_Hero-in-the-crowd.png"
"MV-01","Camera movement","Pan","Camera turns left or right on the spot.","any","Giniroisenkou_Shootbook_MV-01_Pan.png"
"MV-02","Camera movement","Tilt up","Tip up from feet to face. A reveal.","any","Giniroisenkou_Shootbook_MV-02_Tilt-up.png"
"MV-03","Camera movement","Tilt down","Sky or peak down to the subject. An arrival.","any","Giniroisenkou_Shootbook_MV-03_Tilt-down.png"
"MV-04","Camera movement","Push in","Move closer. Builds focus and emotion.","any","Giniroisenkou_Shootbook_MV-04_Push-in.png"
"MV-05","Camera movement","Pull out","Move away. Reveals the place, ends a scene.","any","Giniroisenkou_Shootbook_MV-05_Pull-out.png"
"MV-06","Camera movement","Tracking side","Camera moves alongside at the same speed.","any","Giniroisenkou_Shootbook_MV-06_Tracking-side.png"
"MV-07","Camera movement","Follow from behind","Behind the subject, moving with them.","hiking","Giniroisenkou_Shootbook_MV-07_Follow-from-behind.png"
"MV-08","Camera movement","Lead","Camera walks backward in front of the subject.","any","Giniroisenkou_Shootbook_MV-08_Lead.png"
"MV-09","Camera movement","Orbit","Circle around the subject. 360 energy.","any","Giniroisenkou_Shootbook_MV-09_Orbit.png"
"MV-10","Camera movement","Crane up","Camera rises and the view opens up.","any","Giniroisenkou_Shootbook_MV-10_Crane-up.png"
"MV-11","Camera movement","Whip pan","Very fast pan that blurs. Energy or a cut.","any","Giniroisenkou_Shootbook_MV-11_Whip-pan.png"
"MV-12","Camera movement","Handheld","Slight shake. Raw and in the moment.","any","Giniroisenkou_Shootbook_MV-12_Handheld.png"
"MV-13","Camera movement","Crash zoom","Snap zoom onto a face. Comedy or punch.","dance / events / swing","Giniroisenkou_Shootbook_MV-13_Crash-zoom.png"
"MV-14","Camera movement","Rack focus","Focus jumps from foreground to subject.","any","Giniroisenkou_Shootbook_MV-14_Rack-focus.png"
"MV-15","Camera movement","Rise over","Climb over a ridge or wall to show what is behind.","hiking","Giniroisenkou_Shootbook_MV-15_Rise-over.png"
"MV-16","Camera movement","Reveal","Slide out from behind a wall, tree or person.","any","Giniroisenkou_Shootbook_MV-16_Reveal.png"
"MV-17","Camera movement","Low follow","Gimbal near the floor, following the steps.","dance / hiking","Giniroisenkou_Shootbook_MV-17_Low-follow.png"
"MV-18","Camera movement","Roll","Camera turns on its axis. Dreamy or a transition.","dance / events / swing","Giniroisenkou_Shootbook_MV-18_Roll.png"
"MV-19","Camera movement","Dolly zoom","Move in while zooming out. Background warps.","any","Giniroisenkou_Shootbook_MV-19_Dolly-zoom.png"
"DA-01","Dance","Formation wide","The whole group. Spacing and lines.","dance","Giniroisenkou_Shootbook_DA-01_Formation-wide.png"
"DA-02","Dance","Footwork","Feet only. Steps, slides and stomps.","dance","Giniroisenkou_Shootbook_DA-02_Footwork.png"
"DA-03","Dance","Arm lines","Upper body. Clean lines and hand shapes.","dance","Giniroisenkou_Shootbook_DA-03_Arm-lines.png"
"DA-04","Dance","Spin","Hold wide on a turn, or orbit with it.","dance","Giniroisenkou_Shootbook_DA-04_Spin.png"
"DA-05","Dance","Jump freeze","Catch the top of the jump.","dance","Giniroisenkou_Shootbook_DA-05_Jump-freeze.png"
"DA-06","Dance","Low kick","Camera near the floor, dancer towers.","dance","Giniroisenkou_Shootbook_DA-06_Low-kick.png"
"DA-07","Dance","Top-down circle","From above the group becomes a shape.","dance","Giniroisenkou_Shootbook_DA-07_Top-down-circle.png"
"DA-08","Dance","Studio mirror","Dancer and reflection, two angles at once.","dance","Giniroisenkou_Shootbook_DA-08_Studio-mirror.png"
"DA-09","Dance","Backlit","Light behind the dancer. Pure shape.","dance / events / swing","Giniroisenkou_Shootbook_DA-09_Backlit.png"
"DA-10","Dance","Hair flip","Close on the head for flips and head snaps.","dance","Giniroisenkou_Shootbook_DA-10_Hair-flip.png"
"DA-11","Dance","Entrance","Empty frame, then the dancer steps in.","dance","Giniroisenkou_Shootbook_DA-11_Entrance.png"
"DA-12","Dance","Final pose","Hold the last pose. Thumbnail and ending.","dance","Giniroisenkou_Shootbook_DA-12_Final-pose.png"
"DA-13","Dance","Partner lift","Frame wide enough for both bodies.","dance","Giniroisenkou_Shootbook_DA-13_Partner-lift.png"
"DA-14","Dance","Beat cuts","Same move, three sizes. Cut on each beat.","dance","Giniroisenkou_Shootbook_DA-14_Beat-cuts.png"
"DA-15","Dance","Hands","Snaps, waves, hand shapes. Punctuation.","dance","Giniroisenkou_Shootbook_DA-15_Hands.png"
"DA-16","Dance","Wave / canon","Line of dancers, move ripples down the line.","dance","Giniroisenkou_Shootbook_DA-16_Wave-canon.png"
"HK-01","Hiking","Trailhead","Sign, start of the path. The day begins.","hiking","Giniroisenkou_Shootbook_HK-01_Trailhead.png"
"HK-02","Hiking","Summit hero","Arms up on top. The payoff shot.","hiking","Giniroisenkou_Shootbook_HK-02_Summit-hero.png"
"HK-03","Hiking","Boots on trail","Boots, dust and rocks. Trail texture.","hiking","Giniroisenkou_Shootbook_HK-03_Boots-on-trail.png"
"HK-04","Hiking","Pack from behind","Back to camera, pack on, view ahead.","hiking","Giniroisenkou_Shootbook_HK-04_Pack-from-behind.png"
"HK-05","Hiking","Pass-by","Static camera, hiker crosses the frame.","hiking","Giniroisenkou_Shootbook_HK-05_Pass-by.png"
"HK-06","Hiking","POV with poles","Your view: poles, boots or hands in frame.","hiking","Giniroisenkou_Shootbook_HK-06_POV-with-poles.png"
"HK-07","Hiking","Taking in the view","Back to camera. We look with them.","hiking","Giniroisenkou_Shootbook_HK-07_Taking-in-the-view.png"
"HK-08","Hiking","Map and compass","Hands on map, phone or compass.","hiking","Giniroisenkou_Shootbook_HK-08_Map-and-compass.png"
"HK-09","Hiking","Stream crossing","Stepping stones, moving water, balance.","hiking","Giniroisenkou_Shootbook_HK-09_Stream-crossing.png"
"HK-10","Hiking","Sunrise silhouette","Sun on the horizon behind the hiker.","hiking","Giniroisenkou_Shootbook_HK-10_Sunrise-silhouette.png"
"HK-11","Hiking","Scale shot","Tiny person, huge mountain.","hiking","Giniroisenkou_Shootbook_HK-11_Scale-shot.png"
"HK-12","Hiking","Rest break","Sitting, drinking, snacks. A breather.","hiking","Giniroisenkou_Shootbook_HK-12_Rest-break.png"
"HK-13","Hiking","Gear flat lay","Top-down on your kit before you leave.","hiking","Giniroisenkou_Shootbook_HK-13_Gear-flat-lay.png"
"HK-14","Hiking","Trail marker","Red-white-red CAI mark on a rock. Local detail.","hiking","Giniroisenkou_Shootbook_HK-14_Trail-marker.png"
"HK-15","Hiking","Coastal path","Cliff path above the sea, coast in frame.","hiking","Giniroisenkou_Shootbook_HK-15_Coastal-path.png"
"HK-16","Hiking","Ridge follow","Above and behind along a ridge line.","hiking","Giniroisenkou_Shootbook_HK-16_Ridge-follow.png"
"EV-01","Events","Venue","Outside the venue. Lights on, people arriving.","events / swing","Giniroisenkou_Shootbook_EV-01_Venue.png"
"EV-02","Events","Stage wide","Whole stage, lights and crowd edge.","dance / events / swing","Giniroisenkou_Shootbook_EV-02_Stage-wide.png"
"EV-03","Events","Hands up","Arms up at the drop. Pure energy.","events / swing","Giniroisenkou_Shootbook_EV-03_Hands-up.png"
"EV-04","Events","Performer from below","From the stage lip. Rock-star feel.","dance / events / swing","Giniroisenkou_Shootbook_EV-04_Performer-from-below.png"
"EV-05","Events","Front row","Right at the barrier, hands in frame.","events / swing","Giniroisenkou_Shootbook_EV-05_Front-row.png"
"EV-06","Events","Lights close-up","Out-of-focus lights. B-roll and cuts.","events / swing","Giniroisenkou_Shootbook_EV-06_Lights-close-up.png"
"EV-07","Events","Glasses clink","Glasses meeting up close. Cheers.","events / swing","Giniroisenkou_Shootbook_EV-07_Glasses-clink.png"
"EV-08","Events","Toast","People raising glasses together.","events / swing","Giniroisenkou_Shootbook_EV-08_Toast.png"
"EV-09","Events","Laughing close-up","Real laughter up close. Gold in the edit.","events / swing","Giniroisenkou_Shootbook_EV-09_Laughing-close-up.png"
"EV-10","Events","Backstage","Waiting, nerves, prep behind the curtain.","dance / events / swing","Giniroisenkou_Shootbook_EV-10_Backstage.png"
"EV-11","Events","Arrival","Walking in the door. The story starts.","events / swing","Giniroisenkou_Shootbook_EV-11_Arrival.png"
"EV-12","Events","Sign or banner","Event name, poster, menu board. Sets context.","events / swing","Giniroisenkou_Shootbook_EV-12_Sign-or-banner.png"
"EV-13","Events","Fireworks","Sky over the town, heads for scale.","events / swing","Giniroisenkou_Shootbook_EV-13_Fireworks.png"
"EV-14","Events","Dance floor","Find one person to follow in the mix.","dance / events / swing","Giniroisenkou_Shootbook_EV-14_Dance-floor.png"
"EV-15","Events","Candid two-shot","Two people talking, not posing.","events / swing","Giniroisenkou_Shootbook_EV-15_Candid-two-shot.png"
"EV-16","Events","DJ hands","Hands on decks, mixer or instrument.","events / swing","Giniroisenkou_Shootbook_EV-16_DJ-hands.png"
"TR-01","Transitions","Match cut","Same pose in two places. Cut between them.","any","Giniroisenkou_Shootbook_TR-01_Match-cut.png"
"TR-02","Transitions","Whip in, whip out","Whip out of one shot and into the next.","any","Giniroisenkou_Shootbook_TR-02_Whip-in-whip-out.png"
"TR-03","Transitions","Cover the lens","A hand covers the lens. The cut hides inside.","any","Giniroisenkou_Shootbook_TR-03_Cover-the-lens.png"
"TR-04","Transitions","Object wipe","Something passes close to the lens.","any","Giniroisenkou_Shootbook_TR-04_Object-wipe.png"
"TR-05","Transitions","Jump cut","Same frame, subject jumps position.","any","Giniroisenkou_Shootbook_TR-05_Jump-cut.png"
"TR-06","Transitions","Speed ramp","Fast then slow, landing on the key move.","any","Giniroisenkou_Shootbook_TR-06_Speed-ramp.png"
"TR-07","Transitions","Cutaway","Environment detail to cover a cut or breathe.","any","Giniroisenkou_Shootbook_TR-07_Cutaway.png"
"TR-08","Transitions","Tilt to sky","Tilt up to sky, cut, tilt down somewhere new.","any","Giniroisenkou_Shootbook_TR-08_Tilt-to-sky.png"
"SW-01","Swing and live band","Band wide","The whole band on stage, dancers at the edge.","swing","Giniroisenkou_Shootbook_SW-01_Band-wide.png"
"SW-02","Swing and live band","Singer at the mic","Vintage mic, spotlight, a little lean in.","swing","Giniroisenkou_Shootbook_SW-02_Singer-at-the-mic.png"
"SW-03","Swing and live band","Trumpet solo","From below, the bell pointing out of the frame.","swing","Giniroisenkou_Shootbook_SW-03_Trumpet-solo.png"
"SW-04","Swing and live band","Sax solo","Player in profile, body moving with the line.","swing","Giniroisenkou_Shootbook_SW-04_Sax-solo.png"
"SW-05","Swing and live band","Double bass slap","Player and bass together, hands on the strings.","swing","Giniroisenkou_Shootbook_SW-05_Double-bass-slap.png"
"SW-06","Swing and live band","Drums","Kit in front, drummer behind. Hits on the beat.","swing","Giniroisenkou_Shootbook_SW-06_Drums.png"
"SW-07","Swing and live band","Swing-out","The signature move. Wide, low and on the side.","swing","Giniroisenkou_Shootbook_SW-07_Swing-out.png"
"SW-08","Swing and live band","Dip","The ending. Hold still and shoot it low.","swing","Giniroisenkou_Shootbook_SW-08_Dip.png"
"SW-09","Swing and live band","Aerial","Frame wide with headroom, the follow flies over.","swing","Giniroisenkou_Shootbook_SW-09_Aerial.png"
"SW-10","Swing and live band","Charleston side by side","Two dancers, same kicks, facing camera.","swing","Giniroisenkou_Shootbook_SW-10_Charleston-side-by-side.png"
"SW-11","Swing and live band","Jam circle","Everyone around, one couple in the middle.","swing","Giniroisenkou_Shootbook_SW-11_Jam-circle.png"
"SW-12","Swing and live band","Dancers with the band","Couple in front, band behind. Both in one frame.","swing","Giniroisenkou_Shootbook_SW-12_Dancers-with-the-band.png"
"SW-13","Swing and live band","Two-tone shoes","Heel-toe, kicks, slides. Swing in close-up.","swing","Giniroisenkou_Shootbook_SW-13_Two-tone-shoes.png"
"SW-14","Swing and live band","Hat tip","Era details: hat, braces, pearls.","swing","Giniroisenkou_Shootbook_SW-14_Hat-tip.png"
"SW-15","Swing and live band","Clapping on the beat","Crowd clapping, one person clear.","swing","Giniroisenkou_Shootbook_SW-15_Clapping-on-the-beat.png"
"SW-16","Swing and live band","Underarm turn","Lead hand up, follow spins under it.","swing","Giniroisenkou_Shootbook_SW-16_Underarm-turn.png"
"SW-17","Swing and live band","Over the bell","Past the horn player onto the dancers.","swing","Giniroisenkou_Shootbook_SW-17_Over-the-bell.png"
"SW-18","Swing and live band","Piano hands","Hands on the keys. Rhythm you can see.","swing","Giniroisenkou_Shootbook_SW-18_Piano-hands.png"
